{"schemaVersion":"1.0","appDefinitionTemplate":{"id":"/providers/Microsoft.PowerApps/apps/","type":"Microsoft.PowerApps/apps","tags":{"primaryDeviceWidth":"640","primaryDeviceHeight":"1136","supportsPortrait":"true","supportsLandscape":"true","primaryFormFactor":"Phone","showStatusBar":"false","publisherVersion":"3.24032.26","minimumRequiredApiVersion":"2.2.0","hasComponent":"false","hasUnlockedComponent":"false","isUnifiedRootApp":"false","sienaVersion":"20240325T003237Z-3.24032.26.0"},"properties":{"appVersion":"2024-03-25T00:32:37Z","lifeCycleId":"Published","createdByClientVersion":{"major":3,"minor":24032,"build":26,"revision":0,"majorRevision":0,"minorRevision":0},"minClientVersion":{"major":3,"minor":24032,"build":26,"revision":0,"majorRevision":0,"minorRevision":0},"backgroundColor":"RGBA(0,176,240,1)","backgroundImageUri":"/16727756005099204429/Nf35052c2-42b0-4fa4-a249-a4403d8f8868-logoSmallFile","displayName":"Upload Files","description":"","commitMessage":"","appUris":{"documentUri":{"value":"/16727756005099204429/Nb12d56d6-db6d-4e8d-a0bd-6aca092e8afe-document.msapp"},"imageUris":[],"additionalUris":[{"isSolutionAware":false,"value":"/16727756005099204429/N6b2ace46-4c7f-4dec-b0e2-1f95bc5c1f96-identity.json"}]},"createdTime":"0001-01-01T00:00:00Z","lastModifiedTime":"0001-01-01T00:00:00Z","sharedGroupsCount":0,"sharedUsersCount":0,"connectionReferences":{"fd3f2b55-9f2e-4008-9d9f-b0c8c8d95e9a":{"id":"62e1d289-37a8-46d0-8838-a5cb83885825","displayName":"SharePoint","iconUri":"https://connectoricons-prod.azureedge.net/u/alexsp/sporelease/1.0.1682.3673/sharepointonline/icon.png","dataSources":["Documents","Contractors"],"dependencies":[],"dependents":["9daf256d-396b-4133-8579-98ed7bd71e63","61e77b9a-2c95-4c12-a1e5-509304bda208"],"parameterHints":{},"parameterHintsV2":{},"isOnPremiseConnection":false,"bypassConsent":false,"dataSets":{"https://logisam.sharepoint.com/dev1":{"dataSources":{"Documents":{"tableName":"31adaba9-3693-430c-8312-6c8bbe76abae"},"Contractors":{"tableName":"11f71500-7b51-4e0e-9553-6fcdfd7386ee"}}}},"apiTier":"Standard","isCustomApiConnection":false},"9daf256d-396b-4133-8579-98ed7bd71e63":{"id":"12a5d137-195f-4065-ba36-8f7f2d196918","displayName":"Logic flows","iconUri":"https://connectoricons-prod.azureedge.net/releases/v1.0.1680/1.0.1680.3652/logicflows/icon.png","dataSources":["AttachtoShpList"],"dependencies":["fd3f2b55-9f2e-4008-9d9f-b0c8c8d95e9a"],"dependents":[],"parameterHints":{"workflowName":{"value":"1cad85c5-eb94-476a-9600-4595b0b2437d"},"workflowEntityId":{},"workflowDisplayName":{"value":"Attach to Shp List"},"fd3f2b55-9f2e-4008-9d9f-b0c8c8d95e9a":{"value":"shared_sharepointonline"}},"parameterHintsV2":{"workflowName":{"value":"1cad85c5-eb94-476a-9600-4595b0b2437d"},"workflowEntityId":{},"workflowDisplayName":{"value":"Attach to Shp List"},"shared_sharepointonline":{"value":"fd3f2b55-9f2e-4008-9d9f-b0c8c8d95e9a"}},"isOnPremiseConnection":false,"bypassConsent":false,"dataSets":{},"apiTier":"Standard","isCustomApiConnection":false,"actions":["Run"],"nestedActions":[{"id":"/providers/Microsoft.PowerApps/apis/shared_sharepointonline/apiOperations/PostItem","apiName":"SharePoint","actionName":"PostItem","referencedResources":[{"key":"site","value":"https://logisam.sharepoint.com/dev1"},{"key":"list","value":"11f71500-7b51-4e0e-9553-6fcdfd7386ee"}]},{"id":"/providers/Microsoft.PowerApps/apis/shared_sharepointonline/apiOperations/CreateAttachment","apiName":"SharePoint","actionName":"CreateAttachment","referencedResources":[{"key":"site","value":"https://logisam.sharepoint.com/dev1"},{"key":"list","value":"11f71500-7b51-4e0e-9553-6fcdfd7386ee"}]}]},"61e77b9a-2c95-4c12-a1e5-509304bda208":{"id":"12a5d137-195f-4065-ba36-8f7f2d196918","displayName":"Logic flows","iconUri":"https://connectoricons-prod.azureedge.net/releases/v1.0.1680/1.0.1680.3652/logicflows/icon.png","dataSources":["AttachtoShpLibrary"],"dependencies":["fd3f2b55-9f2e-4008-9d9f-b0c8c8d95e9a"],"dependents":[],"parameterHints":{"workflowName":{"value":"0c2e7fd2-e10a-475a-95b7-d2ed2fa7dc9a"},"workflowEntityId":{},"workflowDisplayName":{"value":"Attach to Shp Library"},"fd3f2b55-9f2e-4008-9d9f-b0c8c8d95e9a":{"value":"shared_sharepointonline"}},"parameterHintsV2":{"workflowName":{"value":"0c2e7fd2-e10a-475a-95b7-d2ed2fa7dc9a"},"workflowEntityId":{},"workflowDisplayName":{"value":"Attach to Shp Library"},"shared_sharepointonline":{"value":"fd3f2b55-9f2e-4008-9d9f-b0c8c8d95e9a"}},"isOnPremiseConnection":false,"bypassConsent":false,"dataSets":{},"apiTier":"Standard","isCustomApiConnection":false,"actions":["Run"],"nestedActions":[{"id":"/providers/Microsoft.PowerApps/apis/shared_sharepointonline/apiOperations/CreateFile","apiName":"SharePoint","actionName":"CreateFile","referencedResources":[{"key":"site","value":"https://logisam.sharepoint.com/dev1"}]}]}},"databaseReferences":{},"almMode":"Environment","performanceOptimizationEnabled":true,"canConsumeAppPass":true,"enableModernRuntimeMode":false,"executionRestrictions":{"isTeamsOnly":false,"dataLossPreventionEvaluationResult":{"status":"Compliant","lastEvaluationDate":"2024-03-25T00:32:47.4025384Z","violations":[],"violationsByPolicy":[],"violationErrorMessage":"The app uses the following connectors: shared_sharepointonline, shared_logicflows."},"httpActionRestriction":{"appUsesSharepointHttpAction":false,"enforcementStrategy":"Legacy","evaluationTime":"2024-03-25T00:32:47.4024569Z"}}},"appType":"ClassicCanvasApp","appComponents":[]}}