{"name":"efecc033-3a55-475a-849e-4952b3117c7b","id":"/providers/Microsoft.Flow/flows/efecc033-3a55-475a-849e-4952b3117c7b","type":"Microsoft.Flow/flows","properties":{"apiId":"/providers/Microsoft.PowerApps/apis/shared_logicflows","displayName":"Attach to Shp List","definition":{"metadata":{"workflowEntityId":null,"processAdvisorMetadata":null,"flowChargedByPaygo":null,"flowclientsuspensionreason":"None","flowclientsuspensiontime":null,"flowclientsuspensionreasondetails":null,"creator":{"id":"52619070-64ee-42eb-9a92-a31370fd5c2e","type":"User","tenantId":"8f098e9d-5e7d-4587-8e92-c0e23e8c5618"},"provisioningMethod":"FromDefinition","failureAlertSubscription":true,"clientLastModifiedTime":"2024-03-24T23:23:47.5447648Z","connectionKeySavedTimeKey":"2024-03-24T23:23:47.5447648Z"},"$schema":"https://schema.management.azure.com/providers/Microsoft.Logic/schemas/2016-06-01/workflowdefinition.json#","contentVersion":"1.0.0.0","parameters":{"$connections":{"defaultValue":{},"type":"Object"},"$authentication":{"defaultValue":{},"type":"SecureObject"}},"triggers":{"manual":{"metadata":{"operationMetadataId":"4d795579-b5a7-4983-8547-f6598824970d"},"type":"Request","kind":"PowerAppV2","inputs":{"schema":{"type":"object","properties":{"text":{"title":"Title","type":"string","x-ms-dynamically-added":true,"description":"Please enter your input","x-ms-content-hint":"TEXT"},"file":{"title":"File","type":"object","x-ms-dynamically-added":true,"description":"Please select file or image","x-ms-content-hint":"FILE","properties":{"name":{"type":"string"},"contentBytes":{"type":"string","format":"byte"}}}},"required":["text"]}}}},"actions":{"Create_item":{"runAfter":{},"metadata":{"operationMetadataId":"9531c51a-766b-42d3-90d6-0813325cd071"},"type":"OpenApiConnection","inputs":{"host":{"apiId":"/providers/Microsoft.PowerApps/apis/shared_sharepointonline","connectionName":"shared_sharepointonline","operationId":"PostItem"},"parameters":{"dataset":"https://logisam.sharepoint.com/dev1","table":"11f71500-7b51-4e0e-9553-6fcdfd7386ee","item/Title":"@triggerBody()['text']"},"authentication":{"value":"@json(decodeBase64(triggerOutputs().headers['X-MS-APIM-Tokens']))['$ConnectionKey']","type":"Raw"}}},"Add_attachment":{"runAfter":{"Create_item":["Succeeded"]},"metadata":{"operationMetadataId":"8941a9b8-39d8-4a23-9ef5-6b2b5aa7bd45"},"type":"OpenApiConnection","inputs":{"host":{"apiId":"/providers/Microsoft.PowerApps/apis/shared_sharepointonline","connectionName":"shared_sharepointonline","operationId":"CreateAttachment"},"parameters":{"dataset":"https://logisam.sharepoint.com/dev1","table":"11f71500-7b51-4e0e-9553-6fcdfd7386ee","itemId":"@outputs('Create_item')?['body/ID']","displayName":"@triggerBody()['file']['name']","body":"@triggerBody()['file']['contentBytes']"},"authentication":{"value":"@json(decodeBase64(triggerOutputs().headers['X-MS-APIM-Tokens']))['$ConnectionKey']","type":"Raw"}}}}},"connectionReferences":{"shared_sharepointonline":{"connectionName":"shared-sharepointonl-15fff9c1-c4b0-49b4-a90d-bc69dc4b8491","source":"Invoker","id":"/providers/Microsoft.PowerApps/apis/shared_sharepointonline","tier":"NotSpecified"}},"flowFailureAlertSubscribed":false,"isManaged":false}}